{
  "metrics": {
    "total_distance": 13.962020245774992,
    "workload_max": 1.505987398824165,
    "displaced_offices": 6,
    "office_locations": [
      