{
  "metrics": {
    "total_distance": 13.962020245774992,
    "workload_max": 1.505987398824165,
    "displaced_offices": 6,
    "office_locations": [
      12,
      16,
      38,
      32,
      46,
      60,
      72,
      65,
      78,
      96
    ]
  },
  "problem_size": {
    "bricks": 100,
    "SRs": 10
  }
}